{
  "metrics": {
    "http_reqs": {
      "type": "counter",
      "contains": "default",
      "values": {
        "count": 18,
        "rate": 1.6789975668153818
      }
    },
    "http_req_waiting": {
      "values": {
        "med": 118.5659,
        "max": 140.6995,
        "p(90)": 119.38548,
        "p(95)": 122.71383999999998,
        "avg": 73.76905555555555,
        "min": 13.9912
      },
      "type": "trend",
      "contains": "time"
    },
    "http_req_duration": {
      "values": {
        "avg": 73.99822777777779,
        "min": 14.4635,
        "med": 119.04155,
        "max": 141.0047,
        "p(90)": 119.52751,
        "p(95)": 122.75961999999997
      },
      "type": "trend",
      "contains": "time"
    },
    "checks": {
      "contains": "default",
      "values": {
        "rate": 1,
        "passes": 18,
        "fails": 0
      },
      "thresholds": {
        "rate>0.95": {
          "ok": true
        }
      },
      "type": "rate"
    },
    "data_received": {
      "type": "counter",
      "contains": "data",
      "values": {
        "count": 40670,
        "rate": 3793.601724576754
      }
    },
    "http_req_failed": {
      "contains": "default",
      "values": {
        "rate": 0,
        "passes": 0,
        "fails": 18
      },
      "type": "rate"
    },
    "http_req_blocked": {
      "type": "trend",
      "contains": "time",
      "values": {
        "max": 283.9,
        "p(90)": 18.921090000000046,
        "p(95)": 96.19475499999969,
        "avg": 19.276127777777774,
        "min": 0,
        "med": 0
      }
    },
    "vus_max": {
      "contains": "default",
      "values": {
        "value": 1,
        "min": 1,
        "max": 1
      },
      "type": "gauge"
    },
    "custom_http_duration": {
      "contains": "default",
      "values": {
        "max": 608,
        "p(90)": 229.60000000000008,
        "p(95)": 418.79999999999984,
        "avg": 186.55555555555554,
        "min": 133,
        "med": 134
      },
      "type": "trend"
    },
    "group_duration": {
      "contains": "time",
      "values": {
        "p(95)": 1424.2815799999998,
        "avg": 1191.1869555555556,
        "min": 1135.3779,
        "med": 1138.7843,
        "max": 1609.7137,
        "p(90)": 1238.8494600000001
      },
      "type": "trend"
    },
    "http_req_duration{expected_response:true}": {
      "type": "trend",
      "contains": "time",
      "values": {
        "max": 141.0047,
        "p(90)": 119.52751,
        "p(95)": 122.75961999999997,
        "avg": 73.99822777777779,
        "min": 14.4635,
        "med": 119.04155
      }
    },
    "http_req_tls_handshaking": {
      "type": "trend",
      "contains": "time",
      "values": {
        "p(95)": 41.13454999999987,
        "avg": 8.158044444444444,
        "min": 0,
        "med": 0,
        "max": 119.5479,
        "p(90)": 8.18907000000002
      }
    },
    "iteration_duration": {
      "type": "trend",
      "contains": "time",
      "values": {
        "p(95)": 1424.2815799999998,
        "avg": 1191.1869555555556,
        "min": 1135.3779,
        "med": 1138.7843,
        "max": 1609.7137,
        "p(90)": 1238.8494600000001
      }
    },
    "iterations": {
      "type": "counter",
      "contains": "default",
      "values": {
        "rate": 0.8394987834076909,
        "count": 9
      }
    },
    "http_req_sending": {
      "type": "trend",
      "contains": "time",
      "values": {
        "med": 0,
        "max": 0,
        "p(90)": 0,
        "p(95)": 0,
        "avg": 0,
        "min": 0
      }
    },
    "http_req_receiving": {
      "type": "trend",
      "contains": "time",
      "values": {
        "max": 1.0858,
        "p(90)": 0.7790800000000002,
        "p(95)": 0.9789549999999998,
        "avg": 0.22917222222222222,
        "min": 0,
        "med": 0
      }
    },
    "data_sent": {
      "contains": "data",
      "values": {
        "count": 1914,
        "rate": 178.5334079380356
      },
      "type": "counter"
    },
    "http_req_connecting": {
      "type": "trend",
      "contains": "time",
      "values": {
        "med": 0,
        "max": 118.8081,
        "p(90)": 4.28511000000001,
        "p(95)": 29.96235999999985,
        "avg": 7.393988888888889,
        "min": 0
      }
    },
    "vus": {
      "type": "gauge",
      "contains": "default",
      "values": {
        "value": 1,
        "min": 1,
        "max": 1
      }
    }
  },
  "root_group": {
    "name": "",
    "path": "",
    "id": "d41d8cd98f00b204e9800998ecf8427e",
    "groups": [
      {
        "checks": [
          {
            "passes": 9,
            "fails": 0,
            "name": "status is 200",
            "path": "::Home page::status is 200",
            "id": "81164753dbd51237712b9c8f17b58d76"
          },
          {
            "path": "::Home page::body not empty",
            "id": "85d2619eadf14b1324d25280910a2446",
            "passes": 9,
            "fails": 0,
            "name": "body not empty"
          }
        ],
        "name": "Home page",
        "path": "::Home page",
        "id": "0d5d2f622aa1bf287e83c3ae0b263382",
        "groups": []
      }
    ],
    "checks": []
  },
  "options": {
    "summaryTrendStats": [
      "avg",
      "min",
      "med",
      "max",
      "p(90)",
      "p(95)"
    ],
    "summaryTimeUnit": "",
    "noColor": false
  },
  "state": {
    "isStdOutTTY": true,
    "isStdErrTTY": true,
    "testRunDurationMs": 10720.6826
  }
}